text,label,lang
"Desjardins: votre compte a ete temporairement bloque. Verifiez votre identite ici: http://desjardins-securite.xyz/login",fraud,fr
"ARC: Vous avez un remboursement d'impot de 458,20$ en attente. Reclamez-le: http://arc-remboursement.ca-impot.top",fraud,fr
"Postes Canada: votre colis est en attente de frais de douane de 2,99$. Payez ici: http://postescanada-livraison.click",fraud,fr
"Bonjour grand-maman, c'est moi. J'ai change de numero. J'ai eu un accident, peux-tu m'envoyer 500$ par Interac?",fraud,fr
"Felicitations! Vous avez gagne un iPhone 15. Reclamez votre prix maintenant: bit.ly/prix-gratuit",fraud,fr
"Avis 407 ETR: peage impaye de 6,48$. Reglez sous 24h pour eviter des penalites: http://407etr-paiement.top",fraud,fr
"Votre carte a ete utilisee pour une transaction suspecte. Confirmez votre NIP ou repondez avec votre numero de carte.",fraud,fr
"RBC: activite inhabituelle detectee. Cliquez pour securiser votre compte: http://rbc-secure-login.xyz",fraud,fr
"Service Canada: votre numero d'assurance sociale a ete suspendu. Appelez immediatement le 438-555-0142.",fraud,fr
"Investissement crypto: rendement garanti de 30% par mois. Place limitee. Repondez OUI pour profiter.",fraud,fr
"Votre paiement Netflix a echoue. Mettez a jour vos informations: http://netflix-paiement.account-verify.top",fraud,fr
"Vous avez une amende impayee. Un mandat d'arrestation sera emis. Payez en carte cadeau Google Play immediatement.",fraud,fr
"Revenu Quebec: trop-percu de 712$. Confirmez vos coordonnees bancaires: http://revenuquebec.remboursement-qc.xyz",fraud,fr
"Maman c'est moi j'ai perdu mon telephone, voici mon nouveau numero. J'ai besoin que tu paies une facture urgente STP.",fraud,fr
"Tangerine: connexion suspecte depuis un nouvel appareil. Verifiez: http://tangerine-verification.click/secure",fraud,fr
"Offre d'emploi: travaillez a domicile, gagnez 800$/jour. Aucune experience. Cliquez: http://emploi-facile.top",fraud,fr
"Votre colis UPS n'a pas pu etre livre. Reprogrammez la livraison: http://ups-redelivery.link/ca",fraud,fr
"Alerte securite Interac: un virement de 950$ est en attente. Annulez ici: http://interac-virement.secure-ca.xyz",fraud,fr
"Votre forfait Bell arrive a echeance. Profitez d'un remboursement de 50$, cliquez: http://bell-remboursement.click",fraud,fr
"Microsoft: votre ordinateur est infecte par un virus. Appelez le support technique au 1-844-555-0177 immediatement.",fraud,fr
"CRA: You have a tax refund of $458.20 pending. Claim it now: http://cra-refund.gc-ca.top",fraud,en
"Canada Post: your parcel is held pending a $2.99 customs fee. Pay here: http://canadapost-delivery.click",fraud,en
"Your TD account has been locked due to suspicious activity. Verify now: http://td-secure-login.xyz",fraud,en
"Hi grandma it's me, I lost my phone, this is my new number. I had an accident, can you send $500 by e-transfer?",fraud,en
"Congratulations! You won a $1000 Amazon gift card. Claim your prize: bit.ly/free-prize-now",fraud,en
"407 ETR notice: unpaid toll of $6.48. Pay within 24h to avoid penalties: http://407etr-pay.top",fraud,en
"Your card was used for a suspicious transaction. Confirm your PIN or reply with your card number to cancel.",fraud,en
"Service Canada: your Social Insurance Number has been suspended. Call immediately 438-555-0142.",fraud,en
"Crypto investment with guaranteed 30% monthly returns. Limited spots. Reply YES to start now.",fraud,en
"Your Netflix payment failed. Update your billing info: http://netflix-billing.verify-account.top",fraud,en
"You have an unpaid fine. A warrant will be issued. Pay with Google Play gift cards immediately.",fraud,en
"Amazon: unusual sign-in detected. Secure your account here: http://amazon-secure.account-verify.xyz",fraud,en
"UPS: your package could not be delivered. Reschedule delivery: http://ups-redelivery.link/ca",fraud,en
"Work from home and earn $800/day, no experience needed. Apply: http://easy-job.top",fraud,en
"Interac alert: a $950 transfer is pending. Cancel it here: http://interac-transfer.secure-ca.xyz",fraud,en
"Microsoft support: your computer is infected. Call tech support 1-844-555-0177 right away.",fraud,en
"URGENT: repondez avec votre code de verification a 6 chiffres pour confirmer votre identite bancaire.",fraud,fr
"Bonjour, je suis votre nouveau conseiller Desjardins. Pour valider votre dossier, envoyez-moi votre NIP et numero de carte.",fraud,fr
"You've been selected for a government grant of $9,000. Send a $200 processing fee via gift card to claim.",fraud,en
"Papa, c'est urgent, je suis en prison, il faut payer la caution de 2000$ par virement maintenant.",fraud,fr
"Dernier avis: votre compte Desjardins sera ferme dans 24h. Confirmez vos identifiants: http://desjardins-acces.verify.top",fraud,fr
"Final notice: your CIBC account will be closed in 24h. Confirm your login: http://cibc-access.verify.top",fraud,en
"Vous avez gagne une carte-cadeau Tim Hortons de 100$! Reclamez ici: http://tim-cadeau.click",fraud,fr
"You've won a $100 Tim Hortons gift card! Claim here: http://tim-reward.click",fraud,en
"Votre numero a ete tire au sort pour un prix de 5000$. Envoyez vos infos bancaires pour recevoir le paiement.",fraud,fr
"ALERTE: connexion non autorisee a votre compte. Reinitialisez votre mot de passe: http://secure-login-ca.top/reset",fraud,fr
"Bonjour, ici Apple Support. Votre identifiant Apple a ete verrouille. Verifiez: http://appleid-verify.click",fraud,fr
"Hi, Apple Support here. Your Apple ID has been locked. Verify: http://appleid-verify.click",fraud,en
"Revenu Quebec: derniere chance de reclamer votre credit de 619$ avant expiration: http://revenu-qc.remboursement.top",fraud,fr
"CRA final notice: claim your $619 benefit before it expires: http://cra-benefit.refund.top",fraud,en
"Votre rendez-vous chez Dr. Tremblay est confirme pour le 3 juillet a 14h30. Repondez OUI pour confirmer.",legit,fr
"Votre code de verification Desjardins est 482913. Ne le partagez avec personne.",legit,fr
"Merci pour votre commande! Votre colis arrivera demain entre 9h et 12h.",legit,fr
"Rappel: votre facture Hydro-Quebec de 87,45$ est due le 15 juillet. Details sur votre espace client.",legit,fr
"Salut! On se rejoint au restaurant a 19h ce soir? Hate de te voir.",legit,fr
"Votre reservation au Bistro Le Sain est confirmee pour 2 personnes a 20h.",legit,fr
"Bonjour, c'est la clinique dentaire. Votre nettoyage est prevu vendredi a 10h. Au plaisir!",legit,fr
"Votre livraison Purolator a ete deposee a votre porte. Merci d'avoir magasine chez nous.",legit,fr
"Promo Videotron: 20% de rabais sur Internet ce mois-ci. Visitez videotron.com pour les details.",legit,fr
"Maman, je serai en retard pour le souper, le bus est en retard. A tantot!",legit,fr
"Votre code a usage unique est 905512. Il expire dans 10 minutes.",legit,fr
"Rappel d'abonnement: votre paiement mensuel Spotify de 10,99$ sera preleve demain.",legit,fr
"Bonjour, votre commande #4821 est prete a etre ramassee en magasin jusqu'a 18h.",legit,fr
"Merci d'etre client TD. Votre releve mensuel est maintenant disponible dans l'appli.",legit,fr
"Salut, peux-tu m'envoyer la recette de tantine pour le souper de dimanche? Merci!",legit,fr
"Your appointment with Dr. Smith is confirmed for July 3 at 2:30 PM. Reply YES to confirm.",legit,en
"Your RBC verification code is 482913. Do not share it with anyone.",legit,en
"Thanks for your order! Your package will arrive tomorrow between 9am and 12pm.",legit,en
"Reminder: your phone bill of $87.45 is due July 15. View details in your account.",legit,en
"Hey! Are we still meeting at the restaurant at 7 tonight? Can't wait to see you.",legit,en
"Your reservation at The Keg is confirmed for 2 at 8pm.",legit,en
"Hi, this is the dental clinic. Your cleaning is booked for Friday at 10am. See you!",legit,en
"Your Purolator delivery was left at your door. Thanks for shopping with us.",legit,en
"Your one-time passcode is 905512. It expires in 10 minutes.",legit,en
"Subscription reminder: your monthly Spotify payment of $10.99 will be charged tomorrow.",legit,en
"Mom, I'll be late for dinner, the bus is delayed. See you soon!",legit,en
"Your order #4821 is ready for in-store pickup until 6pm.",legit,en
"Thanks for being a TD customer. Your monthly statement is now available in the app.",legit,en
"Hey, can you send me auntie's recipe for Sunday dinner? Thanks!",legit,en
"Flight AC123 to Toronto is on time, boarding at gate 22 at 3:45 PM.",legit,en
"Votre releve est pret. Connectez-vous en toute securite sur https://www.desjardins.com pour le consulter.",legit,fr
"View your statement securely at https://www.rbc.com and never share your password.",legit,en
"Suivez votre colis sur https://www.canadapost.ca avec votre numero de suivi.",legit,fr
"Track your package at https://www.ups.com using your tracking number.",legit,en
"Soldes d'ete chez Simons! Jusqu'a 40% de rabais en magasin. Desabonnement: repondez STOP.",legit,fr
"Summer sale at Simons! Up to 40% off in store. Reply STOP to unsubscribe.",legit,en
"Votre table chez Pizzeria No.900 sera prete dans 15 minutes. Merci de votre patience!",legit,fr
"Your prescription is ready for pickup at Jean Coutu. Open until 9pm.",legit,en
"Rappel: cours de yoga demain a 18h au studio. Apportez votre tapis!",legit,fr
"Reminder: yoga class tomorrow at 6pm at the studio. Bring your mat!",legit,en
"Votre virement Interac de 250$ a Marie a ete complete avec succes.",legit,fr
"Your Interac e-transfer of $250 to Marie was completed successfully.",legit,en
"Confirmation: paiement de 45,99$ chez IGA approuve sur votre carte se terminant par 1234.",legit,fr
"Confirmation: $45.99 payment at IGA approved on your card ending 1234.",legit,en
"Votre solde de points AIR MILES est de 1240. Merci de magasiner avec nous.",legit,fr
"Bonjour! Petit rappel amical: tu me dois 20$ pour le cadeau de groupe. Pas urgent :)",legit,fr
"Hey! Friendly reminder you owe me $20 for the group gift. No rush :)",legit,en
"Votre commande Uber Eats arrive dans 10 minutes. Votre livreur est Karim.",legit,fr
"Your Uber Eats order is arriving in 10 minutes. Your courier is Karim.",legit,en
"Rappel: reunion d'equipe demain 9h en salle 3. Ordre du jour envoye par courriel.",legit,fr
